variable,coefficient,std_err,t_value,p_value,conf_lower,conf_upper,significance,model
Intercept,0.10026910981267417,0.057454899279086764,1.7451794550298954,0.08095363630738951,-0.012340423509712206,0.21287864313506055,*,CAPM
C(year)[T.2023],0.002469340435063676,0.04626285855593328,0.053376304710573905,0.9574320843952147,-0.08820419615643625,0.09314287702656361,,CAPM
C(year)[T.2024],0.016288886093021517,0.0509949806596201,0.3194213603441901,0.7494070153284813,-0.08365943939215048,0.11623721157819353,,CAPM
C(year)[T.2025],-0.01620878800889473,0.05551564544492504,-0.2919679286621076,0.77031114531771,-0.1250174536594429,0.09259987764165344,,CAPM
C(year)[T.2026],0.02394741221623245,0.05278314441262371,0.4536943087177115,0.6500488637991348,-0.0795056498232866,0.12740047425575152,,CAPM
layoff_pct,-0.02639722746443252,0.25197832163272244,-0.10475991463626179,0.9165663184534909,-0.5202656627494185,0.46747120782055346,,CAPM
ai_mentioned,0.03262726419516375,0.03012119493185213,1.0831995300645108,0.2787198682891445,-0.026409193042576835,0.09166372143290433,,CAPM
log_funds_raised,-0.0049753730031787706,0.0037870002688338467,-1.3138031819339866,0.18891244656246375,-0.012397757139536614,0.0024470111331790717,,CAPM
prior_6m_return,-0.04074903703808229,0.07483614609551012,-0.54451009524296,0.586090503349344,-0.18742518812705994,0.10592711405089535,,CAPM
